case,model,model_label,electron_policy,status,backend,runtime_mean_s,experiment_mae_ev,experiment_rmse_ev,observable_mode,observable_mode_label,observable_summary,observable_decomposition_mode,observable_peak_extraction_mode,observable_comparison_mode,observable_subtraction_mode,observable_normalization_mode,observable_elastic_exclusion_ev,observable_free_fraction,observable_bound_fraction,observable_elastic_fraction,observable_peak_discrete_energy_ev,observable_peak_fit_energy_ev,observable_peak_fit_status,observable_peak_edge_dominated_any,observable_elastic_form_factor_total,observable_elastic_form_factor_core,observable_elastic_screening_form_factor,observable_ion_structure_factor,observable_bound_core_mode,observable_bound_shell_summary,published_branch,comparison_kind,matched_branch_mae_ev,matched_branch_rmse_ev,comparison_note,observable_peak_edge_dominated,peak_energy_ev
ambient_al_t0,finite_t_stls,Finite-T STLS (experimental),article_al_benchmark,valid,finite_t_stls,0.15810785708682878,2.3068800300515653,2.526100234093474,xrts_article_native_al,XRTS article-native Al,Article-native Al observable: backend free-electron DSF plus an Al-specific elastic/ion feature built from Cromer-Mann atomic form factors. The bound/core inelastic channel is shell-resolved and stays zero in the current benchmark window because |omega| < 72.6 eV remains below the first Al L-shell onset.,article_native_al_chihara_like,inelastic_branch_after_elastic_subtraction,inelastic_branch_after_explicit_elastic_subtraction,explicit_elastic_component_removed_before_peak_fit,peak,5.25,0.9999999325043479,0.0,6.749565207151412e-08,21.674999999999997,21.64128948666624,accepted_local_quadratic,,11.183011226901272,9.727886890606266,1.4551243362950057,1.0,shell_thresholded_zero_below_al_l_shell,K(2@1559.6eV)=inactive; L(8@72.6eV)=inactive; core_electrons=10.0; nominal_valence=3.0,gawne,correlation_backend_proxy,2.4181377591656292,2.6631253946145357,Compared to the ambient Gawne branch as the closest available correlation-sensitive reference for a self-consistent STLS backend.,False,21.64128948666624
ambient_al_t0,quantum_hydrodynamic,Quantum hydrodynamic (experimental),article_al_benchmark,valid,quantum_hydrodynamic,0.06509404290201408,3.9496115282791457,5.865416263981546,xrts_article_native_al,XRTS article-native Al,Article-native Al observable: backend free-electron DSF plus an Al-specific elastic/ion feature built from Cromer-Mann atomic form factors. The bound/core inelastic channel is shell-resolved and stays zero in the current benchmark window because |omega| < 72.6 eV remains below the first Al L-shell onset.,article_native_al_chihara_like,inelastic_branch_after_elastic_subtraction,inelastic_branch_after_explicit_elastic_subtraction,explicit_elastic_component_removed_before_peak_fit,peak,5.25,0.9999999403857149,0.0,5.96142851077943e-08,21.5325,21.52723587744803,accepted_local_quadratic,,11.183011226901272,9.727886890606266,1.4551243362950057,1.0,shell_thresholded_zero_below_al_l_shell,K(2@1559.6eV)=inactive; L(8@72.6eV)=inactive; core_electrons=10.0; nominal_valence=3.0,gawne,collective_fluid_proxy,2.351026154224197,2.693543655425259,Compared to the ambient Gawne/Bohm-Gross-like branch as the closest collective-fluid reference in the current layer.,False,21.52723587744803
ambient_al_t0,rpa,RPA,article_al_benchmark,valid,classical_maxwellian,0.0673098714490022,6.480396122585867,7.505097301657438,xrts_article_native_al,XRTS article-native Al,Article-native Al observable: backend free-electron DSF plus an Al-specific elastic/ion feature built from Cromer-Mann atomic form factors. The bound/core inelastic channel is shell-resolved and stays zero in the current benchmark window because |omega| < 72.6 eV remains below the first Al L-shell onset.,article_native_al_chihara_like,inelastic_branch_after_elastic_subtraction,inelastic_branch_after_explicit_elastic_subtraction,explicit_elastic_component_removed_before_peak_fit,peak,5.25,0.9999999583675143,0.0,4.163248570460283e-08,15.817499999999995,15.820360319401512,accepted_local_quadratic,,11.183011226901272,9.727886890606266,1.4551243362950057,1.0,shell_thresholded_zero_below_al_l_shell,K(2@1559.6eV)=inactive; L(8@72.6eV)=inactive; core_electrons=10.0; nominal_valence=3.0,,no_family_matched_reference,nan,nan,No dedicated ambient published branch of the same family is present in the current reference layer.,False,15.820360319401512
ambient_al_t0,rpa_static_lfc,RPA + static LFC,article_al_benchmark,valid,classical_maxwellian,0.06653932861185499,4.501893033336921,5.36483326573327,xrts_article_native_al,XRTS article-native Al,Article-native Al observable: backend free-electron DSF plus an Al-specific elastic/ion feature built from Cromer-Mann atomic form factors. The bound/core inelastic channel is shell-resolved and stays zero in the current benchmark window because |omega| < 72.6 eV remains below the first Al L-shell onset.,article_native_al_chihara_like,inelastic_branch_after_elastic_subtraction,inelastic_branch_after_explicit_elastic_subtraction,explicit_elastic_component_removed_before_peak_fit,peak,5.25,0.9999999544242872,0.0,4.557571282312712e-08,17.347499999999997,17.34469809394798,accepted_local_quadratic,,11.183011226901272,9.727886890606266,1.4551243362950057,1.0,shell_thresholded_zero_below_al_l_shell,K(2@1559.6eV)=inactive; L(8@72.6eV)=inactive; core_electrons=10.0; nominal_valence=3.0,gawne,direct_family_proxy,2.438778164341914,2.807860825159527,Closest published ambient calculation/reference branch in the current reference layer.,False,17.34469809394798
driven_al_article_state,finite_t_stls,Finite-T STLS (experimental),article_al_driven_increment,valid,finite_t_stls,0.3783863600809127,3.639778983898548,3.7445821823633003,xrts_article_native_al,XRTS article-native Al,Article-native Al observable: backend free-electron DSF plus an Al-specific elastic/ion feature built from Cromer-Mann atomic form factors. The bound/core inelastic channel is shell-resolved and stays zero in the current benchmark window because |omega| < 72.6 eV remains below the first Al L-shell onset.,article_native_al_chihara_like,inelastic_branch_after_elastic_subtraction,inelastic_branch_after_explicit_elastic_subtraction,explicit_elastic_component_removed_before_peak_fit,none,5.25,0.3817658805448214,0.0,0.6182341194551786,26.924999999999997,26.956062401806133,accepted_local_quadratic,,11.183011226901272,9.727886890606266,1.4551243362950057,1.0,shell_thresholded_zero_below_al_l_shell,K(2@1559.6eV)=inactive; L(8@72.6eV)=inactive; core_electrons=10.0; nominal_valence=3.0,lfc,correlation_backend_proxy,0.7487926909302383,0.8090166061927199,Compared to the published driven LFC branch as the closest available correlation-sensitive benchmark for a self-consistent STLS backend.,False,26.956062401806133
driven_al_article_state,quantum_hydrodynamic,Quantum hydrodynamic (experimental),article_al_driven_increment,valid,quantum_hydrodynamic,0.010509719839319587,6.708710043009476,7.792565824027679,xrts_article_native_al,XRTS article-native Al,Article-native Al observable: backend free-electron DSF plus an Al-specific elastic/ion feature built from Cromer-Mann atomic form factors. The bound/core inelastic channel is shell-resolved and stays zero in the current benchmark window because |omega| < 72.6 eV remains below the first Al L-shell onset.,article_native_al_chihara_like,inelastic_branch_after_elastic_subtraction,inelastic_branch_after_explicit_elastic_subtraction,explicit_elastic_component_removed_before_peak_fit,none,5.25,0.393737086875081,0.0,0.6062629131249189,27.179999999999993,27.1805894149877,accepted_local_quadratic,,11.183011226901272,9.727886890606266,1.4551243362950057,1.0,shell_thresholded_zero_below_al_l_shell,K(2@1559.6eV)=inactive; L(8@72.6eV)=inactive; core_electrons=10.0; nominal_valence=3.0,rpa,collective_fluid_proxy,2.2818980130517366,3.414748659622984,"Compared to the published driven RPA branch as the closest available collective-fluid benchmark, not as an exact article family match.",False,27.1805894149877
driven_al_article_state,rpa,RPA,article_al_driven_increment,valid,classical_maxwellian,0.00980230001732707,3.682898836419654,4.681856356559375,xrts_article_native_al,XRTS article-native Al,Article-native Al observable: backend free-electron DSF plus an Al-specific elastic/ion feature built from Cromer-Mann atomic form factors. The bound/core inelastic channel is shell-resolved and stays zero in the current benchmark window because |omega| < 72.6 eV remains below the first Al L-shell onset.,article_native_al_chihara_like,inelastic_branch_after_elastic_subtraction,inelastic_branch_after_explicit_elastic_subtraction,explicit_elastic_component_removed_before_peak_fit,none,5.25,0.4618756692653474,0.0,0.5381243307346526,21.262500000000003,21.273665476714275,accepted_local_quadratic,,11.183011226901272,9.727886890606266,1.4551243362950057,1.0,shell_thresholded_zero_below_al_l_shell,K(2@1559.6eV)=inactive; L(8@72.6eV)=inactive; core_electrons=10.0; nominal_valence=3.0,rpa,direct_family_match,8.26380800697283,9.558250644640582,Direct comparison against the published driven RPA branch.,False,21.273665476714275
driven_al_article_state,rpa_static_lfc,RPA + static LFC,article_al_driven_increment,valid,classical_maxwellian,0.014612980000674725,2.277422055010553,2.8574332130496805,xrts_article_native_al,XRTS article-native Al,Article-native Al observable: backend free-electron DSF plus an Al-specific elastic/ion feature built from Cromer-Mann atomic form factors. The bound/core inelastic channel is shell-resolved and stays zero in the current benchmark window because |omega| < 72.6 eV remains below the first Al L-shell onset.,article_native_al_chihara_like,inelastic_branch_after_elastic_subtraction,inelastic_branch_after_explicit_elastic_subtraction,explicit_elastic_component_removed_before_peak_fit,none,5.25,0.4303910129350354,0.0,0.5696089870649645,22.679999999999993,22.67035194838806,accepted_local_quadratic,,11.183011226901272,9.727886890606266,1.4551243362950057,1.0,shell_thresholded_zero_below_al_l_shell,K(2@1559.6eV)=inactive; L(8@72.6eV)=inactive; core_electrons=10.0; nominal_valence=3.0,lfc,direct_family_match,4.501331906242418,5.189492885778265,Direct comparison against the published driven LFC branch.,False,22.67035194838806
